event_kind,first_section,car_number,car_kind,section,direction,time,is_special_day,_id,day,time.hour,time.minute,time.second
4,5,81008,2,5,1,17:43:58,false,60feca3e080dc0c956f7a89b,1,17,43,58
1,5,81008,2,5,1,17:43:55,false,60feca3a080dc0c956f7a89a,1,17,43,55
,,,,,,,,60fd1c141234eabda1e349ba,,,,
,,,,,,,,60fd1b991234eabda1e349b9,,,,
2,5,81008,2,4,1,17:43:58,false,60feca42080dc0c956f7a89c,1,17,43,58
2,5,81008,2,3,1,17:44:1,false,60feca46080dc0c956f7a89d,1,17,44,1
4,5,81008,2,4,1,17:44:1,false,60feca4a080dc0c956f7a89e,1,17,44,1
4,5,81008,2,3,1,17:44:4,false,60feca4e080dc0c956f7a89f,1,17,44,4
3,1,67310,3,1,1,17:44:8,false,60feca5e080dc0c956f7a8a3,1,17,44,8
4,5,81008,2,2,1,17:44:7,false,60feca56080dc0c956f7a8a1,1,17,44,7
4,1,67310,3,1,1,17:44:8,false,60feca5a080dc0c956f7a8a2,1,17,44,8
1,1,67310,3,1,1,17:44:5,false,60feca52080dc0c956f7a8a0,1,17,44,5
1,4,84339,3,4,1,17:44:15,false,60feca62080dc0c956f7a8a4,1,17,44,15
4,4,84339,3,4,1,17:44:18,false,60feca66080dc0c956f7a8a5,1,17,44,18
2,4,84339,3,3,1,17:44:18,false,60feca6a080dc0c956f7a8a6,1,17,44,18
4,4,84339,3,2,1,17:44:24,false,60feca72080dc0c956f7a8a8,1,17,44,24
2,4,84339,3,2,1,17:44:21,false,60feca6e080dc0c956f7a8a7,1,17,44,21
1,5,81445,3,5,2,17:44:25,false,60feca76080dc0c956f7a8a9,1,17,44,25
4,5,81445,3,5,2,17:44:28,false,60feca7a080dc0c956f7a8aa,1,17,44,28
3,5,81445,3,5,2,17:44:28,false,60feca7e080dc0c956f7a8ab,1,17,44,28
4,4,40669,3,4,1,17:44:38,false,60feca82080dc0c956f7a8ac,1,17,44,38
2,4,40669,3,3,1,17:44:38,false,60feca86080dc0c956f7a8ad,1,17,44,38
4,4,40669,3,2,1,17:44:44,false,60feca8e080dc0c956f7a8af,1,17,44,44
2,4,40669,3,2,1,17:44:41,false,60feca8a080dc0c956f7a8ae,1,17,44,41
1,3,45435,2,3,1,17:44:45,false,60feca92080dc0c956f7a8b0,1,17,44,45
4,4,40669,3,1,1,17:44:47,false,60feca96080dc0c956f7a8b1,1,17,44,47
3,4,40669,3,1,1,17:44:47,false,60feca9a080dc0c956f7a8b2,1,17,44,47
4,3,45435,2,3,1,17:44:48,false,60feca9e080dc0c956f7a8b3,1,17,44,48
3,3,45435,2,2,1,17:44:51,false,60fecaa6080dc0c956f7a8b5,1,17,44,51
4,1,21739,1,1,2,17:44:58,false,60fecaaa080dc0c956f7a8b6,1,17,44,58
4,3,45435,2,2,1,17:44:51,false,60fecaa2080dc0c956f7a8b4,1,17,44,51
3,1,21739,1,2,2,17:45:1,false,60fecaae080dc0c956f7a8b7,1,17,45,1
4,2,26049,2,1,1,17:45:11,false,60fecab6080dc0c956f7a8b9,1,17,45,11
4,2,26049,2,2,1,17:45:8,false,60fecab2080dc0c956f7a8b8,1,17,45,8
3,5,55717,1,5,1,17:45:28,false,60fecabe080dc0c956f7a8bb,2,17,45,28
4,3,83002,3,1,1,17:45:24,false,60fecaba080dc0c956f7a8ba,1,17,45,24
1,1,35631,3,1,1,17:45:35,false,60fecac2080dc0c956f7a8bc,2,17,45,35
3,1,35631,3,1,1,17:45:38,false,60fecac6080dc0c956f7a8bd,2,17,45,38
4,3,64599,3,3,2,17:45:48,false,60fecaca080dc0c956f7a8be,2,17,45,48
3,3,64599,3,4,2,17:45:51,false,60fecad2080dc0c956f7a8c0,2,17,45,51
3,1,20674,1,1,1,17:45:58,false,60fecad6080dc0c956f7a8c1,2,17,45,58
4,3,64599,3,4,2,17:45:51,false,60fecace080dc0c956f7a8bf,2,17,45,51
1,2,42624,2,2,1,17:46:5,false,60fecada080dc0c956f7a8c2,2,17,46,5
3,2,42624,2,1,1,17:46:11,false,60fecae2080dc0c956f7a8c4,2,17,46,11
4,2,42624,2,2,1,17:46:8,false,60fecade080dc0c956f7a8c3,2,17,46,8
2,1,16423,3,2,2,17:46:18,false,60fecae6080dc0c956f7a8c5,2,17,46,18
3,1,16423,3,2,2,17:46:21,false,60fecaee080dc0c956f7a8c7,2,17,46,21
4,1,16423,3,2,2,17:46:21,false,60fecaea080dc0c956f7a8c6,2,17,46,21
1,4,74994,1,4,1,17:46:25,false,60fecaf2080dc0c956f7a8c8,2,17,46,25
4,4,74994,1,4,1,17:46:28,false,60fecaf6080dc0c956f7a8c9,2,17,46,28
3,4,74994,1,4,1,17:46:28,false,60fecafa080dc0c956f7a8ca,2,17,46,28
1,2,86300,1,2,2,17:46:35,false,60fecafe080dc0c956f7a8cb,2,17,46,35
4,2,86300,1,2,2,17:46:38,false,60fecb02080dc0c956f7a8cc,2,17,46,38
4,5,64542,2,5,1,17:46:48,false,60fecb06080dc0c956f7a8cd,2,17,46,48
2,5,64542,2,3,1,17:46:51,false,60fecb0a080dc0c956f7a8ce,2,17,46,51
2,5,64542,2,2,1,17:46:54,false,60fecb12080dc0c956f7a8d0,2,17,46,54
4,5,64542,2,3,1,17:46:54,false,60fecb0e080dc0c956f7a8cf,2,17,46,54
1,5,29519,3,5,2,17:46:55,false,60fecb16080dc0c956f7a8d1,2,17,46,55
2,5,64542,2,1,1,17:46:57,false,60fecb1a080dc0c956f7a8d2,2,17,46,57
4,5,29519,3,5,2,17:46:58,false,60fecb1e080dc0c956f7a8d3,2,17,46,58
4,5,64542,2,1,1,17:47:0,false,60fecb22080dc0c956f7a8d4,2,17,47,0
3,5,64542,2,1,1,17:47:0,false,60fecb26080dc0c956f7a8d5,2,17,47,0
1,1,71877,3,1,1,17:47:5,false,60fecb2a080dc0c956f7a8d6,3,17,47,5
3,1,71877,3,1,1,17:47:8,false,60fecb2e080dc0c956f7a8d7,3,17,47,8
4,2,4406,1,2,2,17:47:18,false,60fecb32080dc0c956f7a8d8,3,17,47,18
3,2,4406,1,2,2,17:47:18,false,60fecb36080dc0c956f7a8d9,3,17,47,18
1,4,39864,3,4,1,17:47:25,false,60fecb3a080dc0c956f7a8da,3,17,47,25
4,4,39864,3,2,1,17:47:34,false,60fecb46080dc0c956f7a8dd,3,17,47,34
2,4,39864,3,3,1,17:47:28,false,60fecb3e080dc0c956f7a8db,3,17,47,28
4,4,39864,3,3,1,17:47:31,false,60fecb42080dc0c956f7a8dc,3,17,47,31
1,2,57949,1,2,2,17:47:35,false,60fecb4e080dc0c956f7a8df,3,17,47,35
2,4,39864,3,1,1,17:47:34,false,60fecb4a080dc0c956f7a8de,3,17,47,34
3,4,39864,3,1,1,17:47:37,false,60fecb52080dc0c956f7a8e0,3,17,47,37
4,2,57949,1,2,2,17:47:38,false,60fecb56080dc0c956f7a8e1,3,17,47,38
3,2,57949,1,2,2,17:47:38,false,60fecb5a080dc0c956f7a8e2,3,17,47,38
3,2,95590,1,2,2,17:47:48,false,60fecb62080dc0c956f7a8e4,3,17,47,48
1,2,95590,1,2,2,17:47:45,false,60fecb5e080dc0c956f7a8e3,3,17,47,45
4,1,87341,2,1,1,17:47:58,false,60fecb6a080dc0c956f7a8e6,3,17,47,58
1,1,87341,2,1,1,17:47:55,false,60fecb66080dc0c956f7a8e5,3,17,47,55
3,3,56007,1,3,2,17:48:8,false,60fecb76080dc0c956f7a8e9,3,17,48,8
4,3,56007,1,3,2,17:48:8,false,60fecb72080dc0c956f7a8e8,3,17,48,8
3,2,57775,1,2,2,17:48:18,false,60fecb7a080dc0c956f7a8ea,3,17,48,18
1,1,65948,1,1,2,17:48:25,false,60fecb7e080dc0c956f7a8eb,3,17,48,25
3,5,45195,1,5,2,17:48:38,false,60fecb86080dc0c956f7a8ed,3,17,48,38
1,2,59224,2,2,2,17:48:45,false,60fecb8a080dc0c956f7a8ee,4,17,48,45
3,1,87341,2,1,1,17:47:58,false,60fecb6e080dc0c956f7a8e7,3,17,47,58
4,1,65948,1,1,2,17:48:28,false,60fecb82080dc0c956f7a8ec,3,17,48,28
4,2,59224,2,2,2,17:48:48,false,60fecb8e080dc0c956f7a8ef,4,17,48,48
2,2,59224,2,3,2,17:48:48,false,60fecb92080dc0c956f7a8f0,4,17,48,48
2,2,59224,2,4,2,17:48:51,false,60fecb9a080dc0c956f7a8f2,4,17,48,51
1,4,71134,1,4,2,17:48:55,false,60fecba2080dc0c956f7a8f4,4,17,48,55
4,2,59224,2,3,2,17:48:51,false,60fecb96080dc0c956f7a8f1,4,17,48,51
4,2,59224,2,4,2,17:48:54,false,60fecb9e080dc0c956f7a8f3,4,17,48,54
4,2,59224,2,5,2,17:48:57,false,60fecba6080dc0c956f7a8f5,4,17,48,57
3,2,59224,2,5,2,17:48:57,false,60fecbaa080dc0c956f7a8f6,4,17,48,57
4,4,71134,1,4,2,17:48:58,false,60fecbae080dc0c956f7a8f7,4,17,48,58
3,2,53506,2,3,2,17:49:31,false,60fecbb6080dc0c956f7a8f9,4,17,49,31
3,3,8629,1,3,2,17:49:8,false,60fecbb2080dc0c956f7a8f8,4,17,49,8
1,1,87691,1,1,1,17:49:35,false,60fecbba080dc0c956f7a8fa,4,17,49,35
4,1,87691,1,1,1,17:49:38,false,60fecbbe080dc0c956f7a8fb,4,17,49,38
1,3,49516,1,3,1,17:49:45,false,60fecbc2080dc0c956f7a8fc,4,17,49,45
3,3,49516,1,3,1,17:49:48,false,60fecbca080dc0c956f7a8fe,4,17,49,48
1,3,573,3,3,1,17:49:55,false,60fecbce080dc0c956f7a8ff,4,17,49,55
4,3,49516,1,3,1,17:49:48,false,60fecbc6080dc0c956f7a8fd,4,17,49,48
4,3,573,3,3,1,17:49:58,false,60fecbd2080dc0c956f7a900,4,17,49,58
2,3,573,3,2,1,17:49:58,false,60fecbd7080dc0c956f7a901,4,17,49,58
4,3,573,3,2,1,17:50:1,false,60fecbdb080dc0c956f7a902,4,17,50,1
1,4,48216,2,4,2,17:50:5,false,60fecbe3080dc0c956f7a904,4,17,50,5
3,3,573,3,2,1,17:50:1,false,60fecbdf080dc0c956f7a903,4,17,50,1
4,4,48216,2,4,2,17:50:8,false,60fecbe7080dc0c956f7a905,4,17,50,8
4,1,12809,1,1,1,17:50:18,false,60fecbf3080dc0c956f7a908,4,17,50,18
1,1,12809,1,1,1,17:50:15,false,60fecbef080dc0c956f7a907,4,17,50,15
2,4,48216,2,5,2,17:50:8,false,60fecbeb080dc0c956f7a906,4,17,50,8
3,1,12809,1,1,1,17:50:18,false,60fecbf7080dc0c956f7a909,4,17,50,18
4,3,26429,2,3,2,17:50:28,true,60fecbfb080dc0c956f7a90a,5,17,50,28
2,3,26429,2,4,2,17:50:28,true,60fecbff080dc0c956f7a90b,5,17,50,28
4,3,26429,2,4,2,17:50:31,true,60fecc03080dc0c956f7a90c,5,17,50,31
2,3,26429,2,5,2,17:50:31,true,60fecc07080dc0c956f7a90d,5,17,50,31
3,3,26429,2,5,2,17:50:34,true,60fecc0b080dc0c956f7a90e,5,17,50,34
1,5,39159,3,5,2,17:50:35,true,60fecc0f080dc0c956f7a90f,5,17,50,35
1,3,24599,1,3,1,17:50:45,true,60fecc17080dc0c956f7a911,5,17,50,45
3,5,39159,3,5,2,17:50:38,true,60fecc13080dc0c956f7a910,5,17,50,38
3,3,24599,1,3,1,17:50:48,true,60fecc1b080dc0c956f7a912,5,17,50,48
4,1,36543,2,1,1,17:50:58,true,60fecc23080dc0c956f7a914,5,17,50,58
4,5,41991,1,5,1,17:51:8,true,60fecc27080dc0c956f7a915,5,17,51,8
1,1,36543,2,1,1,17:50:55,true,60fecc1f080dc0c956f7a913,5,17,50,55
1,5,6882,3,5,1,17:51:15,true,60fecc2f080dc0c956f7a917,5,17,51,15
3,5,41991,1,5,1,17:51:8,true,60fecc2b080dc0c956f7a916,5,17,51,8
4,5,6882,3,5,1,17:51:18,true,60fecc33080dc0c956f7a918,5,17,51,18
4,5,6882,3,4,1,17:51:21,true,60fecc3b080dc0c956f7a91a,5,17,51,21
2,5,6882,3,4,1,17:51:18,true,60fecc37080dc0c956f7a919,5,17,51,18
1,4,63430,2,4,2,17:51:25,true,60fecc3f080dc0c956f7a91b,5,17,51,25
3,4,63430,2,4,2,17:51:28,true,60fecc47080dc0c956f7a91d,5,17,51,28
3,5,6882,3,1,1,17:51:30,true,60fecc4f080dc0c956f7a91f,5,17,51,30
4,5,6882,3,1,1,17:51:30,true,60fecc4b080dc0c956f7a91e,5,17,51,30
1,3,27021,3,3,1,17:51:35,true,60fecc53080dc0c956f7a920,5,17,51,35
1,3,38602,3,3,2,17:51:45,true,60fecc5b080dc0c956f7a922,5,17,51,45
4,3,38602,3,3,2,17:51:48,true,60fecc5f080dc0c956f7a923,5,17,51,48
4,3,27021,3,2,1,17:51:41,true,60fecc57080dc0c956f7a921,5,17,51,41
2,5,6882,3,1,1,17:51:27,true,60fecc43080dc0c956f7a91c,5,17,51,27
4,3,38602,3,4,2,17:51:51,true,60fecc67080dc0c956f7a925,5,17,51,51
2,2,47264,3,1,1,17:51:58,true,60fecc6f080dc0c956f7a927,5,17,51,58
1,2,47264,3,2,1,17:51:55,true,60fecc6b080dc0c956f7a926,5,17,51,55
2,3,38602,3,4,2,17:51:48,true,60fecc63080dc0c956f7a924,5,17,51,48
4,2,47264,3,1,1,17:52:1,true,60fecc73080dc0c956f7a928,5,17,52,1
3,2,47264,3,1,1,17:52:1,true,60fecc77080dc0c956f7a929,5,17,52,1
4,3,4157,2,3,2,17:52:8,false,60fecc7b080dc0c956f7a92a,6,17,52,8
2,3,6077,2,1,1,17:52:21,false,60fecc7f080dc0c956f7a92b,6,17,52,21
3,3,6077,2,1,1,17:52:24,false,60fecc83080dc0c956f7a92c,6,17,52,24
4,3,6077,2,1,1,17:52:24,false,60fecc87080dc0c956f7a92d,6,17,52,24
1,2,33556,3,2,1,17:52:25,false,60fecc8b080dc0c956f7a92e,6,17,52,25
4,2,33556,3,1,1,17:52:31,false,60fecc8f080dc0c956f7a92f,6,17,52,31
1,2,6766,2,2,1,17:52:35,false,60fecc97080dc0c956f7a931,6,17,52,35
3,2,33556,3,1,1,17:52:31,false,60fecc93080dc0c956f7a930,6,17,52,31
4,2,6766,2,2,1,17:52:38,false,60fecc9b080dc0c956f7a932,6,17,52,38
2,2,6766,2,1,1,17:52:38,false,60fecc9f080dc0c956f7a933,6,17,52,38
3,2,6766,2,1,1,17:52:41,false,60fecca3080dc0c956f7a934,6,17,52,41
4,4,74819,2,4,2,17:52:48,false,60fecca7080dc0c956f7a935,6,17,52,48
1,1,16038,1,1,1,17:52:55,false,60feccaf080dc0c956f7a937,6,17,52,55
3,4,74819,2,4,2,17:52:48,false,60feccab080dc0c956f7a936,6,17,52,48
4,3,9833,1,3,1,17:53:8,false,60feccb7080dc0c956f7a939,6,17,53,8
1,3,9833,1,3,1,17:53:5,false,60feccb3080dc0c956f7a938,6,17,53,5
3,3,9833,1,3,1,17:53:8,false,60feccbb080dc0c956f7a93a,6,17,53,8
1,3,95983,3,3,2,17:53:15,false,60feccbf080dc0c956f7a93b,6,17,53,15
3,3,95983,3,3,2,17:53:18,false,60feccc7080dc0c956f7a93d,6,17,53,18
4,2,80178,3,2,2,17:53:28,false,60fecccb080dc0c956f7a93e,6,17,53,28
4,3,95983,3,3,2,17:53:18,false,60feccc3080dc0c956f7a93c,6,17,53,18
2,2,80178,3,4,2,17:53:31,false,60fecccf080dc0c956f7a93f,6,17,53,31
4,2,80178,3,4,2,17:53:34,false,60feccd3080dc0c956f7a940,6,17,53,34
3,4,58703,2,4,1,17:53:38,false,60feccd7080dc0c956f7a941,6,17,53,38
1,5,41986,2,5,2,17:53:45,false,60feccdb080dc0c956f7a942,7,17,53,45
3,5,41986,2,5,2,17:53:48,false,60fecce3080dc0c956f7a944,7,17,53,48
4,5,41986,2,5,2,17:53:48,false,60feccdf080dc0c956f7a943,7,17,53,48
3,1,23118,1,1,1,17:53:58,false,60fecce7080dc0c956f7a945,7,17,53,58
2,5,84867,3,4,1,17:54:8,false,60feccf3080dc0c956f7a948,7,17,54,8
4,5,84867,3,4,1,17:54:11,false,60feccf7080dc0c956f7a949,7,17,54,11
2,5,84867,3,3,1,17:54:11,false,60feccfb080dc0c956f7a94a,7,17,54,11
2,5,84867,3,2,1,17:54:14,false,60feccff080dc0c956f7a94b,7,17,54,14
4,5,84867,3,2,1,17:54:17,false,60fecd03080dc0c956f7a94c,7,17,54,17
2,5,84867,3,1,1,17:54:17,false,60fecd07080dc0c956f7a94d,7,17,54,17
4,4,25947,1,4,1,17:54:18,false,60fecd0b080dc0c956f7a94e,7,17,54,18
3,4,25947,1,4,1,17:54:18,false,60fecd0f080dc0c956f7a94f,7,17,54,18
4,5,84867,3,1,1,17:54:20,false,60fecd17080dc0c956f7a951,7,17,54,20
1,5,84867,3,5,1,17:54:5,false,60fecceb080dc0c956f7a946,7,17,54,5
3,5,84867,3,1,1,17:54:20,false,60fecd13080dc0c956f7a950,7,17,54,20
4,5,84867,3,5,1,17:54:8,false,60feccef080dc0c956f7a947,7,17,54,8
1,4,71509,2,4,2,17:54:25,false,60fecd1b080dc0c956f7a952,7,17,54,25
3,4,71509,2,5,2,17:54:31,false,60fecd27080dc0c956f7a955,7,17,54,31
4,4,71509,2,4,2,17:54:28,false,60fecd1f080dc0c956f7a953,7,17,54,28
4,1,18027,3,1,2,17:54:38,false,60fecd2b080dc0c956f7a956,7,17,54,38
4,4,71509,2,5,2,17:54:31,false,60fecd23080dc0c956f7a954,7,17,54,31
2,1,18027,3,3,2,17:54:41,false,60fecd2f080dc0c956f7a957,7,17,54,41
2,1,18027,3,4,2,17:54:44,false,60fecd37080dc0c956f7a959,7,17,54,44
4,1,18027,3,3,2,17:54:44,false,60fecd33080dc0c956f7a958,7,17,54,44
4,1,54500,2,1,1,17:54:58,false,60fecd47080dc0c956f7a95d,7,17,54,58
4,1,18027,3,4,2,17:54:47,false,60fecd3b080dc0c956f7a95a,7,17,54,47
1,1,54500,2,1,1,17:54:55,false,60fecd43080dc0c956f7a95c,7,17,54,55
4,4,57876,1,4,1,17:54:48,false,60fecd3f080dc0c956f7a95b,7,17,54,48
1,4,47782,1,4,1,17:55:5,false,60fecd4f080dc0c956f7a95f,7,17,55,5
4,4,47782,1,4,1,17:55:8,false,60fecd53080dc0c956f7a960,7,17,55,8
3,1,54500,2,1,1,17:54:58,false,60fecd4b080dc0c956f7a95e,7,17,54,58
1,3,96026,2,3,1,17:55:15,false,60fecd5b080dc0c956f7a962,7,17,55,15
3,4,47782,1,4,1,17:55:8,false,60fecd57080dc0c956f7a961,7,17,55,8
4,3,96026,2,3,1,17:55:18,false,60fecd5f080dc0c956f7a963,7,17,55,18
2,1,76856,3,2,2,17:55:28,false,60fecd67080dc0c956f7a965,1,17,55,28
1,1,76856,3,1,2,17:55:25,false,60fecd63080dc0c956f7a964,1,17,55,25
2,1,76856,3,3,2,17:55:31,false,60fecd6b080dc0c956f7a966,1,17,55,31
4,1,76856,3,3,2,17:55:34,false,60fecd6f080dc0c956f7a967,1,17,55,34
2,1,76856,3,4,2,17:55:34,false,60fecd73080dc0c956f7a968,1,17,55,34
1,4,32822,2,4,1,17:55:35,false,60fecd77080dc0c956f7a969,1,17,55,35
4,1,76856,3,4,2,17:55:37,false,60fecd7b080dc0c956f7a96a,1,17,55,37
2,4,32822,2,3,1,17:55:38,false,60fecd83080dc0c956f7a96c,1,17,55,38
3,1,76856,3,4,2,17:55:37,false,60fecd7f080dc0c956f7a96b,1,17,55,37
4,2,4009,1,2,2,17:55:48,false,60fecd87080dc0c956f7a96d,1,17,55,48
4,1,13256,3,1,1,17:56:18,false,60fecd8f080dc0c956f7a96f,1,17,56,18
1,5,62391,1,5,2,17:56:5,false,60fecd8b080dc0c956f7a96e,1,17,56,5
1,3,89923,3,3,2,17:56:25,false,60fecd93080dc0c956f7a970,1,17,56,25
4,4,17767,3,4,1,17:56:38,false,60fecda3080dc0c956f7a974,1,17,56,38
2,4,17767,3,2,1,17:56:41,false,60fecda7080dc0c956f7a975,1,17,56,41
4,3,89923,3,3,2,17:56:28,false,60fecd97080dc0c956f7a971,1,17,56,28
4,4,17767,3,2,1,17:56:44,false,60fecdab080dc0c956f7a976,1,17,56,44
3,3,89923,3,3,2,17:56:28,false,60fecd9b080dc0c956f7a972,1,17,56,28
1,4,17767,3,4,1,17:56:35,false,60fecd9f080dc0c956f7a973,1,17,56,35
2,4,17767,3,1,1,17:56:44,false,60fecdaf080dc0c956f7a977,1,17,56,44
3,4,17767,3,1,1,17:56:47,false,60fecdb3080dc0c956f7a978,1,17,56,47
2,4,69772,3,5,2,17:56:48,false,60fecdb7080dc0c956f7a979,1,17,56,48
4,4,69772,3,5,2,17:56:51,false,60fecdbb080dc0c956f7a97a,1,17,56,51
1,4,66117,2,4,1,17:56:55,false,60fecdc4080dc0c956f7a97c,1,17,56,55
4,4,66117,2,4,1,17:56:58,false,60fecdc8080dc0c956f7a97d,1,17,56,58
3,4,69772,3,5,2,17:56:51,false,60fecdc0080dc0c956f7a97b,1,17,56,51
2,4,66117,2,3,1,17:56:58,false,60fecdcc080dc0c956f7a97e,1,17,56,58
1,1,30246,3,1,1,17:57:5,false,60fecdd0080dc0c956f7a97f,2,17,57,5
3,1,30246,3,1,1,17:57:8,false,60fecdd8080dc0c956f7a981,2,17,57,8
4,1,30246,3,1,1,17:57:8,false,60fecdd4080dc0c956f7a980,2,17,57,8
1,5,24733,1,5,1,17:57:15,false,60fecddc080dc0c956f7a982,2,17,57,15
2,5,24733,1,4,1,17:57:18,false,60fecde0080dc0c956f7a983,2,17,57,18
3,5,24733,1,4,1,17:57:21,false,60fecde4080dc0c956f7a984,2,17,57,21
4,5,24733,1,4,1,17:57:21,false,60fecde8080dc0c956f7a985,2,17,57,21
1,3,53901,3,3,2,17:57:25,false,60fecdec080dc0c956f7a986,2,17,57,25
4,3,53901,3,5,2,17:57:34,false,60fecdfc080dc0c956f7a98a,2,17,57,34
4,3,53901,3,3,2,17:57:28,false,60fecdf0080dc0c956f7a987,2,17,57,28
2,3,53901,3,5,2,17:57:31,false,60fecdf4080dc0c956f7a988,2,17,57,31
4,3,53901,3,4,2,17:57:31,false,60fecdf8080dc0c956f7a989,2,17,57,31
1,1,47934,2,1,1,17:57:35,false,60fece00080dc0c956f7a98b,2,17,57,35
1,5,52387,2,5,2,17:57:45,false,60fece04080dc0c956f7a98c,2,17,57,45
3,5,52387,2,5,2,17:57:48,false,60fece0c080dc0c956f7a98e,2,17,57,48
4,5,52387,2,5,2,17:57:48,false,60fece08080dc0c956f7a98d,2,17,57,48
4,4,24829,2,4,1,17:58:8,false,60fece10080dc0c956f7a98f,2,17,58,8
4,4,24829,2,3,1,17:58:11,false,60fece14080dc0c956f7a990,2,17,58,11
3,1,36787,3,1,2,17:58:28,false,60fece20080dc0c956f7a993,2,17,58,28
4,4,24829,2,1,1,17:58:17,false,60fece18080dc0c956f7a991,2,17,58,17
4,3,14357,1,3,1,17:58:18,false,60fece1c080dc0c956f7a992,2,17,58,18
1,5,95316,2,5,1,17:58:35,false,60fece24080dc0c956f7a994,2,17,58,35
4,5,95316,2,5,1,17:58:38,false,60fece28080dc0c956f7a995,2,17,58,38
2,5,95316,2,4,1,17:58:38,false,60fece2c080dc0c956f7a996,2,17,58,38
2,5,95316,2,3,1,17:58:41,false,60fece30080dc0c956f7a997,2,17,58,41
4,5,95316,2,2,1,17:58:47,false,60fece38080dc0c956f7a999,2,17,58,47
2,5,95316,2,1,1,17:58:47,false,60fece3c080dc0c956f7a99a,2,17,58,47
4,5,65604,3,5,1,17:58:48,false,60fece40080dc0c956f7a99b,3,17,58,48
1,5,65604,3,5,1,17:58:45,false,60fece34080dc0c956f7a998,3,17,58,45
4,5,65604,3,4,1,17:58:51,false,60fece50080dc0c956f7a99f,3,17,58,51
4,5,65604,3,3,1,17:58:54,false,60fece54080dc0c956f7a9a0,3,17,58,54
2,5,65604,3,2,1,17:58:54,false,60fece58080dc0c956f7a9a1,3,17,58,54
4,5,95316,2,1,1,17:58:50,false,60fece48080dc0c956f7a99d,2,17,58,50
3,5,95316,2,1,1,17:58:50,false,60fece4c080dc0c956f7a99e,2,17,58,50
2,5,65604,3,4,1,17:58:48,false,60fece44080dc0c956f7a99c,3,17,58,48
2,5,65604,3,1,1,17:58:57,false,60fece60080dc0c956f7a9a3,3,17,58,57
4,3,92701,3,3,2,17:58:58,false,60fece64080dc0c956f7a9a4,3,17,58,58
3,3,92701,3,4,2,17:59:1,false,60fece6c080dc0c956f7a9a6,3,17,59,1
1,3,92701,3,3,2,17:58:55,false,60fece5c080dc0c956f7a9a2,3,17,58,55
1,5,90879,3,5,1,17:59:15,false,60fece70080dc0c956f7a9a7,3,17,59,15
4,3,92701,3,4,2,17:59:1,false,60fece68080dc0c956f7a9a5,3,17,59,1
4,5,90879,3,5,1,17:59:18,false,60fece74080dc0c956f7a9a8,3,17,59,18
2,5,90879,3,4,1,17:59:18,false,60fece78080dc0c956f7a9a9,3,17,59,18
4,5,90879,3,3,1,17:59:24,false,60fece84080dc0c956f7a9ac,3,17,59,24
4,5,90879,3,4,1,17:59:21,false,60fece7c080dc0c956f7a9aa,3,17,59,21
1,4,39379,1,4,2,17:59:25,false,60fece88080dc0c956f7a9ad,3,17,59,25
3,5,90879,3,2,1,17:59:27,false,60fece90080dc0c956f7a9af,3,17,59,27
2,5,90879,3,3,1,17:59:21,false,60fece80080dc0c956f7a9ab,3,17,59,21
4,5,90879,3,2,1,17:59:27,false,60fece8c080dc0c956f7a9ae,3,17,59,27
2,4,39379,1,5,2,17:59:28,false,60fece94080dc0c956f7a9b0,3,17,59,28
4,4,54417,2,4,1,17:59:48,false,60fece9c080dc0c956f7a9b2,3,17,59,48
1,4,54417,2,4,1,17:59:45,false,60fece98080dc0c956f7a9b1,3,17,59,45
1,5,47290,1,5,1,17:59:55,false,60fecea4080dc0c956f7a9b4,3,17,59,55
3,4,54417,2,4,1,17:59:48,false,60fecea0080dc0c956f7a9b3,3,17,59,48
4,5,47290,1,5,1,17:59:58,false,60fecea8080dc0c956f7a9b5,3,17,59,58
4,2,16006,1,2,2,18:0:8,false,60feceb0080dc0c956f7a9b7,3,18,0,8
3,5,47290,1,5,1,17:59:58,false,60feceac080dc0c956f7a9b6,3,17,59,58
3,2,16006,1,2,2,18:0:8,false,60feceb4080dc0c956f7a9b8,3,18,0,8
4,2,98980,2,2,2,18:0:18,false,60feceb8080dc0c956f7a9b9,3,18,0,18
2,2,98980,2,3,2,18:0:18,false,60fecebc080dc0c956f7a9ba,3,18,0,18
2,3,70477,3,1,1,18:0:31,false,60fecec8080dc0c956f7a9bd,4,18,0,31
4,2,98980,2,3,2,18:0:21,false,60fecec0080dc0c956f7a9bb,3,18,0,21
4,3,70477,3,2,1,18:0:31,false,60fececc080dc0c956f7a9be,4,18,0,31
1,3,70477,3,3,1,18:0:25,false,60fecec4080dc0c956f7a9bc,4,18,0,25
4,3,70477,3,1,1,18:0:34,false,60feced0080dc0c956f7a9bf,4,18,0,34
3,3,70477,3,1,1,18:0:34,false,60feced4080dc0c956f7a9c0,4,18,0,34
1,4,80425,3,4,1,18:0:35,false,60feced8080dc0c956f7a9c1,4,18,0,35
2,4,80425,3,3,1,18:0:38,false,60fecedc080dc0c956f7a9c2,4,18,0,38
1,4,75519,1,4,1,18:0:45,false,60fecee4080dc0c956f7a9c4,4,18,0,45
3,4,80425,3,1,1,18:0:47,false,60fecee8080dc0c956f7a9c5,4,18,0,47
2,4,80425,3,2,1,18:0:41,false,60fecee0080dc0c956f7a9c3,4,18,0,41
3,4,75519,1,4,1,18:0:48,false,60feceec080dc0c956f7a9c6,4,18,0,48
2,5,2565,2,1,1,18:1:7,false,60fecef8080dc0c956f7a9c9,4,18,1,7
3,5,2565,2,1,1,18:1:10,false,60fecefc080dc0c956f7a9ca,4,18,1,10
3,4,83399,2,5,2,18:1:11,false,60fecf00080dc0c956f7a9cb,4,18,1,11
4,1,58736,2,1,1,18:1:18,false,60fecf04080dc0c956f7a9cc,4,18,1,18
1,3,72905,2,3,1,18:1:25,false,60fecf08080dc0c956f7a9cd,4,18,1,25
4,3,72905,2,2,1,18:1:31,false,60fecf0c080dc0c956f7a9ce,4,18,1,31
2,3,72905,2,1,1,18:1:31,false,60fecf10080dc0c956f7a9cf,4,18,1,31
3,3,72905,2,1,1,18:1:34,false,60fecf14080dc0c956f7a9d0,4,18,1,34
4,1,30203,2,1,1,18:1:38,false,60fecf18080dc0c956f7a9d1,4,18,1,38
1,5,2565,2,5,1,18:0:55,false,60fecef0080dc0c956f7a9c7,4,18,0,55
3,1,30203,2,1,1,18:1:38,false,60fecf1c080dc0c956f7a9d2,4,18,1,38
1,4,83399,2,4,2,18:1:5,false,60fecef4080dc0c956f7a9c8,4,18,1,5
2,3,33847,1,4,2,18:1:48,false,60fecf24080dc0c956f7a9d4,4,18,1,48
4,3,33847,1,4,2,18:1:51,false,60fecf2c080dc0c956f7a9d6,4,18,1,51
1,3,33847,1,3,2,18:1:45,false,60fecf20080dc0c956f7a9d3,4,18,1,45
4,3,33847,1,3,2,18:1:48,false,60fecf28080dc0c956f7a9d5,4,18,1,48
3,3,33847,1,4,2,18:1:51,false,60fecf30080dc0c956f7a9d7,4,18,1,51
4,4,16414,3,3,1,18:2:1,false,60fecf38080dc0c956f7a9d9,4,18,2,1
2,4,16414,3,2,1,18:2:1,false,60fecf3c080dc0c956f7a9da,4,18,2,1
1,4,16414,3,4,1,18:1:55,false,60fecf34080dc0c956f7a9d8,4,18,1,55
1,1,34451,2,1,2,18:2:5,false,60fecf44080dc0c956f7a9dc,5,18,2,5
4,4,16414,3,1,1,18:2:7,false,60fecf48080dc0c956f7a9dd,4,18,2,7
3,1,34451,2,1,2,18:2:8,false,60fecf50080dc0c956f7a9df,5,18,2,8
3,4,16414,3,1,1,18:2:7,false,60fecf4c080dc0c956f7a9de,4,18,2,7
4,2,81468,3,2,2,18:2:18,false,60fecf54080dc0c956f7a9e0,5,18,2,18
4,2,81468,3,3,2,18:2:21,false,60fecf58080dc0c956f7a9e1,5,18,2,21
1,5,8223,2,5,2,18:2:25,false,60fecf64080dc0c956f7a9e4,5,18,2,25
2,2,81468,3,4,2,18:2:21,false,60fecf5c080dc0c956f7a9e2,5,18,2,21
2,2,81468,3,5,2,18:2:24,false,60fecf60080dc0c956f7a9e3,5,18,2,24
3,5,8223,2,5,2,18:2:28,false,60fecf68080dc0c956f7a9e5,5,18,2,28
4,4,16414,3,2,1,18:2:4,false,60fecf40080dc0c956f7a9db,4,18,2,4
1,4,77126,2,4,1,18:2:35,false,60fecf70080dc0c956f7a9e7,5,18,2,35
1,1,86246,1,1,2,18:2:45,false,60fecf78080dc0c956f7a9e9,5,18,2,45
3,4,77126,2,4,1,18:2:38,false,60fecf74080dc0c956f7a9e8,5,18,2,38
4,5,8223,2,5,2,18:2:28,false,60fecf6c080dc0c956f7a9e6,5,18,2,28
4,1,86246,1,1,2,18:2:48,false,60fecf7c080dc0c956f7a9ea,5,18,2,48
2,1,86246,1,2,2,18:2:48,false,60fecf80080dc0c956f7a9eb,5,18,2,48
4,1,86246,1,2,2,18:2:52,false,60fecf84080dc0c956f7a9ec,5,18,2,52
3,1,86246,1,2,2,18:2:52,false,60fecf88080dc0c956f7a9ed,5,18,2,52
2,2,79961,3,1,1,18:2:59,false,60fecf8c080dc0c956f7a9ee,5,18,2,59
1,5,13891,2,5,2,18:3:5,false,60fecf90080dc0c956f7a9ef,5,18,3,5
1,3,24309,2,3,1,18:3:16,false,60fecf94080dc0c956f7a9f0,5,18,3,16
2,3,24309,2,1,1,18:3:22,false,60fecf9c080dc0c956f7a9f2,5,18,3,22
2,1,90580,3,4,2,18:3:45,false,60fecfa8080dc0c956f7a9f5,5,18,3,45
4,4,84102,3,4,2,18:3:49,false,60fecfac080dc0c956f7a9f6,6,18,3,49
4,1,90580,3,5,2,18:3:51,false,60fecfb0080dc0c956f7a9f7,5,18,3,51
4,4,84102,3,5,2,18:3:52,false,60fecfb4080dc0c956f7a9f8,6,18,3,52
4,3,24309,2,2,1,18:3:22,false,60fecf98080dc0c956f7a9f1,5,18,3,22
4,1,90580,3,2,2,18:3:42,false,60fecfa4080dc0c956f7a9f4,5,18,3,42
3,4,84102,3,5,2,18:3:52,false,60fecfb8080dc0c956f7a9f9,6,18,3,52
4,4,42077,2,4,1,18:3:59,false,60fecfbc080dc0c956f7a9fa,6,18,3,59
4,3,92795,2,2,1,18:3:32,false,60fecfa0080dc0c956f7a9f3,5,18,3,32
1,4,70650,1,4,2,18:4:16,false,60fecfc4080dc0c956f7a9fc,6,18,4,16
1,5,70207,2,5,2,18:4:26,false,60fecfc8080dc0c956f7a9fd,6,18,4,26
4,5,70207,2,5,2,18:4:29,false,60fecfcc080dc0c956f7a9fe,6,18,4,29
3,5,52986,2,5,2,18:4:9,false,60fecfc0080dc0c956f7a9fb,6,18,4,9
3,5,70207,2,5,2,18:4:29,false,60fecfd0080dc0c956f7a9ff,6,18,4,29
4,5,91956,3,5,1,18:4:39,false,60fecfd9080dc0c956f7aa01,6,18,4,39
1,5,91956,3,5,1,18:4:36,false,60fecfd4080dc0c956f7aa00,6,18,4,36
4,5,91956,3,4,1,18:4:42,false,60fecfe1080dc0c956f7aa03,6,18,4,42
2,5,91956,3,4,1,18:4:39,false,60fecfdd080dc0c956f7aa02,6,18,4,39
4,5,91956,3,3,1,18:4:45,false,60fecfe5080dc0c956f7aa04,6,18,4,45
2,5,91956,3,2,1,18:4:45,false,60fecfe9080dc0c956f7aa05,6,18,4,45
4,5,91956,3,2,1,18:4:48,false,60fecff1080dc0c956f7aa07,6,18,4,48
1,1,62875,2,1,2,18:4:46,false,60fecfed080dc0c956f7aa06,6,18,4,46
4,1,62875,2,1,2,18:4:49,false,60fecff9080dc0c956f7aa09,6,18,4,49
2,5,91956,3,1,1,18:4:48,false,60fecff5080dc0c956f7aa08,6,18,4,48
4,5,91956,3,1,1,18:4:51,false,60fecffd080dc0c956f7aa0a,6,18,4,51
3,5,91956,3,1,1,18:4:51,false,60fed001080dc0c956f7aa0b,6,18,4,51
2,1,62875,2,3,2,18:4:52,false,60fed005080dc0c956f7aa0c,6,18,4,52
4,1,62875,2,4,2,18:4:58,false,60fed00d080dc0c956f7aa0e,6,18,4,58
1,1,14407,1,1,1,18:4:56,false,60fed009080dc0c956f7aa0d,6,18,4,56
2,1,62875,2,5,2,18:4:58,false,60fed011080dc0c956f7aa0f,6,18,4,58
3,1,14407,1,1,1,18:4:59,false,60fed015080dc0c956f7aa10,6,18,4,59
3,1,62875,2,5,2,18:5:1,false,60fed01d080dc0c956f7aa12,6,18,5,1
4,1,62875,2,5,2,18:5:1,false,60fed019080dc0c956f7aa11,6,18,5,1
1,1,20949,1,1,2,18:5:6,false,60fed021080dc0c956f7aa13,6,18,5,6
1,3,69508,2,3,2,18:5:16,false,60fed025080dc0c956f7aa14,6,18,5,16
2,3,69508,2,4,2,18:5:19,false,60fed029080dc0c956f7aa15,6,18,5,19
4,3,69508,2,4,2,18:5:22,false,60fed02d080dc0c956f7aa16,6,18,5,22
2,3,68677,1,2,1,18:5:29,false,60fed035080dc0c956f7aa18,7,18,5,29
4,3,68677,1,2,1,18:5:32,false,60fed039080dc0c956f7aa19,7,18,5,32
3,3,69508,2,4,2,18:5:22,false,60fed031080dc0c956f7aa17,6,18,5,22
2,2,63208,2,3,2,18:5:39,false,60fed041080dc0c956f7aa1b,7,18,5,39
3,3,68677,1,2,1,18:5:32,false,60fed03d080dc0c956f7aa1a,7,18,5,32
4,3,29267,2,3,1,18:5:49,false,60fed045080dc0c956f7aa1c,7,18,5,49
4,2,97454,3,2,1,18:5:59,false,60fed051080dc0c956f7aa1f,7,18,5,59
1,2,97454,3,2,1,18:5:56,false,60fed04d080dc0c956f7aa1e,7,18,5,56
3,3,29267,2,3,1,18:5:49,false,60fed049080dc0c956f7aa1d,7,18,5,49
4,2,97454,3,1,1,18:6:2,false,60fed055080dc0c956f7aa20,7,18,6,2
1,5,12032,3,5,1,18:6:6,false,60fed059080dc0c956f7aa21,7,18,6,6
4,5,12032,3,5,1,18:6:9,false,60fed05d080dc0c956f7aa22,7,18,6,9
1,3,7749,2,3,1,18:6:16,false,60fed065080dc0c956f7aa24,7,18,6,16
3,5,12032,3,4,1,18:6:12,false,60fed061080dc0c956f7aa23,7,18,6,12
4,3,7749,2,3,1,18:6:19,false,60fed069080dc0c956f7aa25,7,18,6,19
2,3,7749,2,2,1,18:6:19,false,60fed06d080dc0c956f7aa26,7,18,6,19
4,3,7749,2,1,1,18:6:25,false,60fed075080dc0c956f7aa28,7,18,6,25
2,3,7749,2,1,1,18:6:22,false,60fed071080dc0c956f7aa27,7,18,6,22
3,3,7749,2,1,1,18:6:25,false,60fed079080dc0c956f7aa29,7,18,6,25
1,4,8323,2,4,1,18:6:26,false,60fed07d080dc0c956f7aa2a,7,18,6,26
2,4,8323,2,3,1,18:6:29,false,60fed085080dc0c956f7aa2c,7,18,6,29
4,4,8323,2,3,1,18:6:32,false,60fed089080dc0c956f7aa2d,7,18,6,32
4,4,8323,2,4,1,18:6:29,false,60fed081080dc0c956f7aa2b,7,18,6,29
2,4,8323,2,2,1,18:6:32,false,60fed08d080dc0c956f7aa2e,7,18,6,32
3,4,8323,2,1,1,18:6:38,false,60fed095080dc0c956f7aa30,7,18,6,38
4,2,19753,2,2,2,18:6:39,false,60fed099080dc0c956f7aa31,7,18,6,39
4,4,8323,2,2,1,18:6:35,false,60fed091080dc0c956f7aa2f,7,18,6,35
4,2,93000,1,1,1,18:6:52,false,60fed0a1080dc0c956f7aa33,7,18,6,52
4,2,46445,3,1,1,18:7:2,false,60fed0ad080dc0c956f7aa36,7,18,7,2
1,5,48546,1,5,2,18:7:6,false,60fed0b1080dc0c956f7aa37,1,18,7,6
3,5,48546,1,5,2,18:7:9,false,60fed0b9080dc0c956f7aa39,1,18,7,9
3,2,19753,2,2,2,18:6:39,false,60fed09d080dc0c956f7aa32,7,18,6,39
4,2,46445,3,2,1,18:6:59,false,60fed0a9080dc0c956f7aa35,7,18,6,59
4,5,48546,1,5,2,18:7:9,false,60fed0b5080dc0c956f7aa38,1,18,7,9
4,2,6911,1,2,1,18:7:19,false,60fed0bd080dc0c956f7aa3a,1,18,7,19
3,2,6911,1,2,1,18:7:19,false,60fed0c1080dc0c956f7aa3b,1,18,7,19
1,4,82181,1,4,1,18:7:26,false,60fed0c5080dc0c956f7aa3c,1,18,7,26
1,2,19309,1,2,2,18:7:36,false,60fed0cd080dc0c956f7aa3e,1,18,7,36
1,2,46445,3,2,1,18:6:56,false,60fed0a5080dc0c956f7aa34,7,18,6,56
4,2,19309,1,2,2,18:7:39,false,60fed0d1080dc0c956f7aa3f,1,18,7,39
3,4,82181,1,4,1,18:7:29,false,60fed0c9080dc0c956f7aa3d,1,18,7,29
3,2,19309,1,2,2,18:7:39,false,60fed0d5080dc0c956f7aa40,1,18,7,39
2,4,68875,3,3,1,18:7:49,false,60fed0d9080dc0c956f7aa41,1,18,7,49
4,4,68875,3,3,1,18:7:52,false,60fed0dd080dc0c956f7aa42,1,18,7,52
2,4,68875,3,2,1,18:7:52,false,60fed0e1080dc0c956f7aa43,1,18,7,52
4,4,68875,3,2,1,18:7:55,false,60fed0e5080dc0c956f7aa44,1,18,7,55
2,4,68875,3,1,1,18:7:55,false,60fed0e9080dc0c956f7aa45,1,18,7,55
4,4,68875,3,1,1,18:7:58,false,60fed0ed080dc0c956f7aa46,1,18,7,58
3,1,6219,1,1,2,18:7:59,false,60fed0f5080dc0c956f7aa48,1,18,7,59
3,4,68875,3,1,1,18:7:58,false,60fed0f1080dc0c956f7aa47,1,18,7,58
4,1,66374,2,1,1,18:8:9,false,60fed0fd080dc0c956f7aa4a,1,18,8,9
3,1,66374,2,1,1,18:8:9,false,60fed101080dc0c956f7aa4b,1,18,8,9
1,1,66374,2,1,1,18:8:6,false,60fed0f9080dc0c956f7aa49,1,18,8,6
1,1,63613,3,1,1,18:8:16,false,60fed105080dc0c956f7aa4c,1,18,8,16
1,5,79068,1,5,1,18:8:26,false,60fed109080dc0c956f7aa4d,1,18,8,26
1,4,65831,2,4,2,18:8:36,false,60fed10d080dc0c956f7aa4e,1,18,8,36
4,4,65831,2,4,2,18:8:39,false,60fed111080dc0c956f7aa4f,1,18,8,39
2,4,65831,2,5,2,18:8:39,false,60fed115080dc0c956f7aa50,1,18,8,39
3,4,65831,2,5,2,18:8:42,false,60fed119080dc0c956f7aa51,1,18,8,42
1,5,8559,2,5,2,18:8:46,false,60fed11d080dc0c956f7aa52,2,18,8,46
4,5,8559,2,5,2,18:8:49,false,60fed121080dc0c956f7aa53,2,18,8,49
3,5,8559,2,5,2,18:8:49,false,60fed125080dc0c956f7aa54,2,18,8,49
1,1,17644,3,1,2,18:8:56,false,60fed129080dc0c956f7aa55,2,18,8,56
4,1,17644,3,1,2,18:8:59,false,60fed12d080dc0c956f7aa56,2,18,8,59
4,1,17644,3,2,2,18:9:2,false,60fed135080dc0c956f7aa58,2,18,9,2
2,1,17644,3,2,2,18:8:59,false,60fed131080dc0c956f7aa57,2,18,8,59
2,1,17644,3,5,2,18:9:8,false,60fed13d080dc0c956f7aa5a,2,18,9,8
4,1,50913,1,1,2,18:9:9,false,60fed141080dc0c956f7aa5b,2,18,9,9
3,1,17644,3,5,2,18:9:11,false,60fed145080dc0c956f7aa5c,2,18,9,11
4,1,50913,1,2,2,18:9:12,false,60fed149080dc0c956f7aa5d,2,18,9,12
4,3,37876,3,3,1,18:9:19,false,60fed14d080dc0c956f7aa5e,2,18,9,19
4,1,47181,1,1,2,18:9:29,false,60fed159080dc0c956f7aa61,2,18,9,29
2,1,17644,3,3,2,18:9:2,false,60fed139080dc0c956f7aa59,2,18,9,2
3,1,47181,1,1,2,18:9:29,false,60fed15d080dc0c956f7aa62,2,18,9,29
3,3,37876,3,1,1,18:9:25,false,60fed155080dc0c956f7aa60,2,18,9,25
3,3,63812,1,4,2,18:9:42,false,60fed161080dc0c956f7aa63,2,18,9,42
4,1,78307,3,1,1,18:9:49,false,60fed169080dc0c956f7aa65,2,18,9,49
1,1,78307,3,1,1,18:9:46,false,60fed165080dc0c956f7aa64,2,18,9,46
2,3,37876,3,1,1,18:9:22,false,60fed151080dc0c956f7aa5f,2,18,9,22
4,1,40888,1,1,1,18:9:59,false,60fed16d080dc0c956f7aa66,2,18,9,59
3,1,40888,1,1,1,18:9:59,false,60fed171080dc0c956f7aa67,2,18,9,59
3,3,11897,1,3,1,18:10:9,false,60fed175080dc0c956f7aa68,2,18,10,9
1,2,52231,2,2,1,18:10:16,false,60fed179080dc0c956f7aa69,2,18,10,16
4,2,52231,2,2,1,18:10:19,false,60fed17d080dc0c956f7aa6a,2,18,10,19
2,2,52231,2,1,1,18:10:19,false,60fed181080dc0c956f7aa6b,2,18,10,19
3,3,39521,1,3,1,18:10:29,false,60fed18d080dc0c956f7aa6e,3,18,10,29
1,4,59185,3,4,1,18:10:36,false,60fed191080dc0c956f7aa6f,3,18,10,36
3,2,52231,2,1,1,18:10:22,false,60fed185080dc0c956f7aa6c,2,18,10,22
1,3,39521,1,3,1,18:10:26,false,60fed189080dc0c956f7aa6d,3,18,10,26
2,4,59185,3,3,1,18:10:39,false,60fed195080dc0c956f7aa70,3,18,10,39
4,4,59185,3,3,1,18:10:42,false,60fed199080dc0c956f7aa71,3,18,10,42
2,4,59185,3,2,1,18:10:42,false,60fed19d080dc0c956f7aa72,3,18,10,42
4,4,59185,3,2,1,18:10:45,false,60fed1a1080dc0c956f7aa73,3,18,10,45
2,4,59185,3,1,1,18:10:45,false,60fed1a5080dc0c956f7aa74,3,18,10,45
1,3,4467,3,3,1,18:10:46,false,60fed1a9080dc0c956f7aa75,3,18,10,46
4,3,4467,3,2,1,18:10:52,false,60fed1b5080dc0c956f7aa78,3,18,10,52
4,4,59185,3,1,1,18:10:48,false,60fed1ad080dc0c956f7aa76,3,18,10,48
2,3,4467,3,1,1,18:10:52,false,60fed1b9080dc0c956f7aa79,3,18,10,52
3,4,59185,3,1,1,18:10:48,false,60fed1b1080dc0c956f7aa77,3,18,10,48
1,4,50195,1,4,1,18:10:56,false,60fed1c1080dc0c956f7aa7b,3,18,10,56
4,4,50195,1,4,1,18:10:59,false,60fed1c5080dc0c956f7aa7c,3,18,10,59
3,3,4467,3,1,1,18:10:55,false,60fed1bd080dc0c956f7aa7a,3,18,10,55
4,2,64755,2,2,1,18:11:9,false,60fed1cd080dc0c956f7aa7e,3,18,11,9
1,2,64755,2,2,1,18:11:6,false,60fed1c9080dc0c956f7aa7d,3,18,11,6
3,2,64755,2,1,1,18:11:12,false,60fed1d1080dc0c956f7aa7f,3,18,11,12
1,1,8617,1,1,2,18:11:26,false,60fed1da080dc0c956f7aa81,3,18,11,26
3,3,78758,1,3,2,18:11:19,false,60fed1d5080dc0c956f7aa80,3,18,11,19
4,1,8617,1,1,2,18:11:29,false,60fed1de080dc0c956f7aa82,3,18,11,29
1,4,7642,1,4,2,18:11:36,false,60fed1e6080dc0c956f7aa84,3,18,11,36
3,1,8617,1,1,2,18:11:29,false,60fed1e2080dc0c956f7aa83,3,18,11,29
4,4,7642,1,4,2,18:11:39,false,60fed1ea080dc0c956f7aa85,3,18,11,39
1,2,22625,1,2,1,18:11:46,false,60fed1ee080dc0c956f7aa86,3,18,11,46
3,2,22625,1,2,1,18:11:49,false,60fed1f6080dc0c956f7aa88,3,18,11,49
1,5,13363,2,5,1,18:11:56,false,60fed1fa080dc0c956f7aa89,3,18,11,56
4,5,13363,2,4,1,18:12:2,false,60fed202080dc0c956f7aa8b,3,18,12,2
4,2,22625,1,2,1,18:11:49,false,60fed1f2080dc0c956f7aa87,3,18,11,49
4,5,13363,2,5,1,18:11:59,false,60fed1fe080dc0c956f7aa8a,3,18,11,59
4,3,11437,3,4,2,18:12:12,false,60fed20a080dc0c956f7aa8d,4,18,12,12
2,3,11437,3,5,2,18:12:12,false,60fed20e080dc0c956f7aa8e,4,18,12,12
4,5,13363,2,3,1,18:12:5,false,60fed206080dc0c956f7aa8c,3,18,12,5
3,3,11437,3,5,2,18:12:15,false,60fed212080dc0c956f7aa8f,4,18,12,15
4,2,48919,1,2,1,18:12:19,false,60fed216080dc0c956f7aa90,4,18,12,19
4,2,6335,1,2,2,18:12:29,false,60fed21a080dc0c956f7aa91,4,18,12,29
2,2,6335,1,3,2,18:12:29,false,60fed21e080dc0c956f7aa92,4,18,12,29
3,2,6335,1,4,2,18:12:35,false,60fed226080dc0c956f7aa94,4,18,12,35
4,5,80374,1,5,1,18:12:39,false,60fed22a080dc0c956f7aa95,4,18,12,39
2,2,6335,1,4,2,18:12:32,false,60fed222080dc0c956f7aa93,4,18,12,32
3,5,80374,1,5,1,18:12:39,false,60fed22e080dc0c956f7aa96,4,18,12,39
3,1,69837,2,1,2,18:12:49,false,60fed232080dc0c956f7aa97,4,18,12,49
3,5,30669,2,5,2,18:13:9,false,60fed23a080dc0c956f7aa99,4,18,13,9
3,5,85540,3,5,2,18:12:59,false,60fed236080dc0c956f7aa98,4,18,12,59
2,4,21858,3,3,1,18:13:19,false,60fed242080dc0c956f7aa9b,4,18,13,19
1,4,21858,3,4,1,18:13:16,false,60fed23e080dc0c956f7aa9a,4,18,13,16
2,4,93163,1,3,1,18:13:29,false,60fed24a080dc0c956f7aa9d,4,18,13,29
4,4,93163,1,3,1,18:13:32,false,60fed24e080dc0c956f7aa9e,4,18,13,32
1,4,27667,2,4,2,18:13:36,false,60fed256080dc0c956f7aaa0,4,18,13,36
3,4,21858,3,3,1,18:13:22,false,60fed246080dc0c956f7aa9c,4,18,13,22
2,4,93163,1,2,1,18:13:32,false,60fed252080dc0c956f7aa9f,4,18,13,32
4,4,27667,2,4,2,18:13:39,false,60fed25a080dc0c956f7aaa1,4,18,13,39
3,4,27667,2,4,2,18:13:39,false,60fed25e080dc0c956f7aaa2,4,18,13,39
4,4,9657,2,5,2,18:14:2,false,60fed272080dc0c956f7aaa7,5,18,14,2
1,2,89945,1,2,2,18:13:46,false,60fed262080dc0c956f7aaa3,5,18,13,46
4,2,89945,1,2,2,18:13:49,false,60fed266080dc0c956f7aaa4,5,18,13,49
4,1,2777,2,1,1,18:14:9,false,60fed27a080dc0c956f7aaa9,5,18,14,9
2,4,9657,2,5,2,18:13:59,false,60fed26e080dc0c956f7aaa6,5,18,13,59
1,4,9657,2,4,2,18:13:56,false,60fed26a080dc0c956f7aaa5,5,18,13,56
1,3,68614,2,3,1,18:14:16,false,60fed282080dc0c956f7aaab,5,18,14,16
3,4,9657,2,5,2,18:14:2,false,60fed276080dc0c956f7aaa8,5,18,14,2
3,1,2777,2,1,1,18:14:9,false,60fed27e080dc0c956f7aaaa,5,18,14,9
1,1,25504,3,1,2,18:14:26,false,60fed286080dc0c956f7aaac,5,18,14,26
2,1,25504,3,3,2,18:14:32,false,60fed28e080dc0c956f7aaae,5,18,14,32
4,1,25504,3,3,2,18:14:35,false,60fed292080dc0c956f7aaaf,5,18,14,35
2,1,25504,3,5,2,18:14:38,false,60fed296080dc0c956f7aab0,5,18,14,38
2,1,25504,3,2,2,18:14:29,false,60fed28a080dc0c956f7aaad,5,18,14,29
4,1,25504,3,5,2,18:14:41,false,60fed29e080dc0c956f7aab2,5,18,14,41
2,5,29486,3,4,1,18:14:39,false,60fed29a080dc0c956f7aab1,5,18,14,39
3,1,25504,3,5,2,18:14:41,false,60fed2a2080dc0c956f7aab3,5,18,14,41
2,5,29486,3,3,1,18:14:42,false,60fed2aa080dc0c956f7aab5,5,18,14,42
1,5,66333,3,5,2,18:14:46,false,60fed2b2080dc0c956f7aab7,5,18,14,46
4,5,66333,3,5,2,18:14:49,false,60fed2ba080dc0c956f7aab9,5,18,14,49
4,5,29486,3,2,1,18:14:48,false,60fed2b6080dc0c956f7aab8,5,18,14,48
4,5,29486,3,3,1,18:14:45,false,60fed2ae080dc0c956f7aab6,5,18,14,45
4,5,29486,3,1,1,18:14:51,false,60fed2c2080dc0c956f7aabb,5,18,14,51
4,5,29486,3,4,1,18:14:42,false,60fed2a6080dc0c956f7aab4,5,18,14,42
3,5,66333,3,5,2,18:14:49,false,60fed2be080dc0c956f7aaba,5,18,14,49
1,5,63977,3,5,1,18:14:56,false,60fed2c6080dc0c956f7aabc,5,18,14,56
2,5,63977,3,4,1,18:14:59,false,60fed2ca080dc0c956f7aabd,5,18,14,59
2,5,63977,3,2,1,18:15:5,false,60fed2d2080dc0c956f7aabf,5,18,15,5
4,5,63977,3,4,1,18:15:2,false,60fed2ce080dc0c956f7aabe,5,18,15,2
4,5,63977,3,3,1,18:15:5,false,60fed2d6080dc0c956f7aac0,5,18,15,5
4,5,63977,3,2,1,18:15:8,false,60fed2da080dc0c956f7aac1,5,18,15,8
4,5,63977,3,1,1,18:15:11,false,60fed2de080dc0c956f7aac2,5,18,15,11
3,5,63977,3,1,1,18:15:11,false,60fed2e2080dc0c956f7aac3,5,18,15,11
1,2,68599,2,2,2,18:15:16,false,60fed2e6080dc0c956f7aac4,5,18,15,16
4,2,68599,2,2,2,18:15:19,false,60fed2ea080dc0c956f7aac5,5,18,15,19
1,5,77282,3,5,2,18:15:26,false,60fed2ee080dc0c956f7aac6,6,18,15,26
4,5,77282,3,5,2,18:15:29,false,60fed2f2080dc0c956f7aac7,6,18,15,29
2,4,7309,3,3,1,18:15:39,false,60fed2fa080dc0c956f7aac9,6,18,15,39
4,4,7309,3,3,1,18:15:42,false,60fed2fe080dc0c956f7aaca,6,18,15,42
4,4,7309,3,4,1,18:15:39,false,60fed2f6080dc0c956f7aac8,6,18,15,39
4,4,5883,2,4,1,18:15:49,false,60fed306080dc0c956f7aacc,6,18,15,49
2,4,5883,2,3,1,18:15:49,false,60fed30a080dc0c956f7aacd,6,18,15,49
3,4,7309,3,3,1,18:15:42,false,60fed302080dc0c956f7aacb,6,18,15,42
4,4,5883,2,3,1,18:15:52,false,60fed30e080dc0c956f7aace,6,18,15,52
1,5,40536,3,5,2,18:15:56,false,60fed316080dc0c956f7aad0,6,18,15,56
2,4,5883,2,2,1,18:15:52,false,60fed312080dc0c956f7aacf,6,18,15,52
4,4,5883,2,1,1,18:15:58,false,60fed31a080dc0c956f7aad1,6,18,15,58
3,4,5883,2,1,1,18:15:58,false,60fed31e080dc0c956f7aad2,6,18,15,58
4,5,40536,3,5,2,18:15:59,false,60fed322080dc0c956f7aad3,6,18,15,59
3,5,40536,3,5,2,18:15:59,false,60fed326080dc0c956f7aad4,6,18,15,59
1,5,72923,2,5,1,18:16:6,false,60fed32a080dc0c956f7aad5,6,18,16,6
3,5,72923,2,3,1,18:16:15,false,60fed336080dc0c956f7aad8,6,18,16,15
4,5,72923,2,4,1,18:16:12,false,60fed332080dc0c956f7aad7,6,18,16,12
4,5,72923,2,5,1,18:16:9,false,60fed32e080dc0c956f7aad6,6,18,16,9
1,5,12999,2,5,1,18:16:16,false,60fed33a080dc0c956f7aad9,6,18,16,16
4,5,12999,2,3,1,18:16:25,false,60fed342080dc0c956f7aadb,6,18,16,25
2,5,12999,2,3,1,18:16:22,false,60fed33e080dc0c956f7aada,6,18,16,22
4,5,33948,2,5,2,18:16:29,false,60fed346080dc0c956f7aadc,6,18,16,29
3,5,33948,2,5,2,18:16:29,false,60fed34a080dc0c956f7aadd,6,18,16,29
3,1,70554,1,1,1,18:16:39,false,60fed352080dc0c956f7aadf,6,18,16,39
1,1,93960,1,1,1,18:16:46,false,60fed356080dc0c956f7aae0,6,18,16,46
4,1,93960,1,1,1,18:16:49,false,60fed35a080dc0c956f7aae1,6,18,16,49
3,1,93960,1,1,1,18:16:49,false,60fed35e080dc0c956f7aae2,6,18,16,49
1,1,70554,1,1,1,18:16:36,false,60fed34e080dc0c956f7aade,6,18,16,36
4,2,15353,3,1,1,18:17:2,false,60fed362080dc0c956f7aae3,6,18,17,2
4,5,97498,2,5,1,18:17:9,false,60fed36a080dc0c956f7aae5,7,18,17,9
1,5,97498,2,5,1,18:17:6,false,60fed366080dc0c956f7aae4,7,18,17,6
3,5,97498,2,5,1,18:17:9,false,60fed36e080dc0c956f7aae6,7,18,17,9
2,1,80304,1,2,2,18:17:19,false,60fed376080dc0c956f7aae8,7,18,17,19
1,1,36563,1,1,1,18:17:26,false,60fed37e080dc0c956f7aaea,7,18,17,26
4,1,80304,1,2,2,18:17:22,false,60fed37a080dc0c956f7aae9,7,18,17,22
4,1,36563,1,1,1,18:17:29,false,60fed382080dc0c956f7aaeb,7,18,17,29
1,3,31979,3,3,1,18:17:36,false,60fed386080dc0c956f7aaec,7,18,17,36
1,1,80304,1,1,2,18:17:16,false,60fed372080dc0c956f7aae7,7,18,17,16
2,3,31979,3,2,1,18:17:39,false,60fed38a080dc0c956f7aaed,7,18,17,39
4,3,31979,3,1,1,18:17:45,false,60fed392080dc0c956f7aaef,7,18,17,45
2,3,31979,3,1,1,18:17:42,false,60fed38e080dc0c956f7aaee,7,18,17,42
1,5,63113,1,5,1,18:17:46,false,60fed396080dc0c956f7aaf0,7,18,17,46
1,3,5156,1,3,2,18:17:56,false,60fed39e080dc0c956f7aaf2,7,18,17,56
3,5,63113,1,5,1,18:17:49,false,60fed39a080dc0c956f7aaf1,7,18,17,49
2,3,39980,3,4,2,18:18:9,false,60fed3a2080dc0c956f7aaf3,7,18,18,9
4,3,39980,3,4,2,18:18:12,false,60fed3a6080dc0c956f7aaf4,7,18,18,12
1,1,42466,3,1,1,18:18:16,false,60fed3aa080dc0c956f7aaf5,7,18,18,16
4,1,42466,3,1,1,18:18:19,false,60fed3ae080dc0c956f7aaf6,7,18,18,19
3,1,42466,3,1,1,18:18:19,false,60fed3b2080dc0c956f7aaf7,7,18,18,19
1,1,31759,2,1,1,18:18:26,false,60fed3b6080dc0c956f7aaf8,7,18,18,26
4,1,31759,2,1,1,18:18:29,false,60fed3ba080dc0c956f7aaf9,7,18,18,29
3,1,31759,2,1,1,18:18:29,false,60fed3be080dc0c956f7aafa,7,18,18,29
4,3,16773,2,3,1,18:18:39,false,60fed3c6080dc0c956f7aafc,7,18,18,39
1,3,16773,2,3,1,18:18:36,false,60fed3c2080dc0c956f7aafb,7,18,18,36
2,3,16773,2,1,1,18:18:42,false,60fed3d2080dc0c956f7aaff,7,18,18,42
4,3,16773,2,2,1,18:18:42,false,60fed3ce080dc0c956f7aafe,7,18,18,42
2,3,16773,2,2,1,18:18:39,false,60fed3ca080dc0c956f7aafd,7,18,18,39
1,1,36048,1,1,2,18:18:46,false,60fed3d6080dc0c956f7ab00,1,18,18,46
4,1,36048,1,1,2,18:18:49,false,60fed3da080dc0c956f7ab01,1,18,18,49
3,1,36048,1,1,2,18:18:49,false,60fed3de080dc0c956f7ab02,1,18,18,49
1,5,87905,3,5,1,18:18:56,false,60fed3e2080dc0c956f7ab03,1,18,18,56
4,5,87905,3,5,1,18:18:59,false,60fed3e6080dc0c956f7ab04,1,18,18,59
2,5,87905,3,4,1,18:18:59,false,60fed3ea080dc0c956f7ab05,1,18,18,59
4,5,87905,3,4,1,18:19:2,false,60fed3ee080dc0c956f7ab06,1,18,19,2
2,5,87905,3,2,1,18:19:5,false,60fed3f6080dc0c956f7ab08,1,18,19,5
4,5,87905,3,3,1,18:19:5,false,60fed3f2080dc0c956f7ab07,1,18,19,5
1,3,17494,1,3,2,18:19:6,false,60fed3fa080dc0c956f7ab09,1,18,19,6
4,3,33674,3,2,1,18:19:22,false,60fed40b080dc0c956f7ab0d,1,18,19,22
3,5,87905,3,1,1,18:19:11,false,60fed407080dc0c956f7ab0c,1,18,19,11
2,3,33674,3,1,1,18:19:22,false,60fed40f080dc0c956f7ab0e,1,18,19,22
4,5,87905,3,2,1,18:19:8,false,60fed3fe080dc0c956f7ab0a,1,18,19,8
4,3,33674,3,1,1,18:19:25,false,60fed413080dc0c956f7ab0f,1,18,19,25
3,3,33674,3,1,1,18:19:25,false,60fed417080dc0c956f7ab10,1,18,19,25
4,4,96414,3,4,1,18:19:29,false,60fed41b080dc0c956f7ab11,1,18,19,29
2,4,96414,3,1,1,18:19:35,false,60fed423080dc0c956f7ab13,1,18,19,35
2,4,96414,3,3,1,18:19:29,false,60fed41f080dc0c956f7ab12,1,18,19,29
3,3,17494,1,3,2,18:19:9,false,60fed403080dc0c956f7ab0b,1,18,19,9
1,2,10394,3,2,1,18:19:36,false,60fed427080dc0c956f7ab14,1,18,19,36
3,4,96414,3,1,1,18:19:38,false,60fed42f080dc0c956f7ab16,1,18,19,38
1,2,41973,3,2,1,18:19:46,false,60fed437080dc0c956f7ab18,1,18,19,46
3,2,10394,3,2,1,18:19:39,false,60fed433080dc0c956f7ab17,1,18,19,39
2,2,41973,3,1,1,18:19:49,false,60fed43b080dc0c956f7ab19,1,18,19,49
4,2,41973,3,2,1,18:19:49,false,60fed43f080dc0c956f7ab1a,1,18,19,49
4,4,96414,3,1,1,18:19:38,false,60fed42b080dc0c956f7ab15,1,18,19,38
3,2,41973,3,1,1,18:19:52,false,60fed447080dc0c956f7ab1c,1,18,19,52
1,3,36312,3,3,1,18:19:56,false,60fed44b080dc0c956f7ab1d,1,18,19,56
4,2,41973,3,1,1,18:19:52,false,60fed443080dc0c956f7ab1b,1,18,19,52
2,3,36312,3,2,1,18:19:59,false,60fed44f080dc0c956f7ab1e,1,18,19,59
3,3,36312,3,1,1,18:20:5,false,60fed457080dc0c956f7ab20,1,18,20,5
4,3,36312,3,1,1,18:20:5,false,60fed453080dc0c956f7ab1f,1,18,20,5
1,5,98051,2,5,1,18:20:6,false,60fed45b080dc0c956f7ab21,1,18,20,6
4,5,98051,2,4,1,18:20:12,false,60fed463080dc0c956f7ab23,1,18,20,12
3,5,98051,2,4,1,18:20:12,false,60fed467080dc0c956f7ab24,1,18,20,12
4,5,98051,2,5,1,18:20:9,false,60fed45f080dc0c956f7ab22,1,18,20,9
3,5,4035,3,5,1,18:20:19,false,60fed46f080dc0c956f7ab26,1,18,20,19
1,5,15589,1,5,1,18:20:26,true,60fed473080dc0c956f7ab27,2,18,20,26
4,5,4035,3,5,1,18:20:19,false,60fed46b080dc0c956f7ab25,1,18,20,19
1,2,83526,1,2,1,18:20:36,true,60fed47b080dc0c956f7ab29,2,18,20,36
3,5,15589,1,5,1,18:20:29,true,60fed477080dc0c956f7ab28,2,18,20,29
4,2,83526,1,2,1,18:20:39,true,60fed47f080dc0c956f7ab2a,2,18,20,39
4,3,94646,2,3,2,18:20:49,true,60fed483080dc0c956f7ab2b,2,18,20,49
4,3,94646,2,5,2,18:20:55,true,60fed487080dc0c956f7ab2c,2,18,20,55
3,3,94646,2,5,2,18:20:55,true,60fed48b080dc0c956f7ab2d,2,18,20,55
4,4,45081,1,4,1,18:21:9,true,60fed48f080dc0c956f7ab2e,2,18,21,9
3,4,45081,1,4,1,18:21:9,true,60fed493080dc0c956f7ab2f,2,18,21,9
1,4,43320,1,4,1,18:21:16,true,60fed497080dc0c956f7ab30,2,18,21,16
4,4,43320,1,4,1,18:21:19,true,60fed49b080dc0c956f7ab31,2,18,21,19
3,4,43320,1,4,1,18:21:19,true,60fed49f080dc0c956f7ab32,2,18,21,19
1,5,71674,2,5,2,18:21:26,true,60fed4a3080dc0c956f7ab33,2,18,21,26
3,5,71674,2,5,2,18:21:29,true,60fed4a7080dc0c956f7ab34,2,18,21,29
4,1,54886,2,2,2,18:21:42,true,60fed4b7080dc0c956f7ab38,2,18,21,42
4,5,71674,2,5,2,18:21:29,true,60fed4ab080dc0c956f7ab35,2,18,21,29
2,1,54886,2,2,2,18:21:39,true,60fed4b3080dc0c956f7ab37,2,18,21,39
4,1,54886,2,3,2,18:21:45,true,60fed4bb080dc0c956f7ab39,2,18,21,45
1,1,54886,2,1,2,18:21:36,true,60fed4af080dc0c956f7ab36,2,18,21,36
2,1,54886,2,4,2,18:21:45,true,60fed4bf080dc0c956f7ab3a,2,18,21,45
1,2,65909,2,2,2,18:21:46,true,60fed4c3080dc0c956f7ab3b,2,18,21,46
4,1,54886,2,4,2,18:21:48,true,60fed4c7080dc0c956f7ab3c,2,18,21,48
2,1,54886,2,5,2,18:21:48,true,60fed4cb080dc0c956f7ab3d,2,18,21,48
4,2,65909,2,2,2,18:21:49,true,60fed4cf080dc0c956f7ab3e,2,18,21,49
4,1,54886,2,5,2,18:21:51,true,60fed4d3080dc0c956f7ab3f,2,18,21,51
4,2,65909,2,3,2,18:21:52,true,60fed4db080dc0c956f7ab41,2,18,21,52
3,1,54886,2,5,2,18:21:51,true,60fed4d7080dc0c956f7ab40,2,18,21,51
4,2,65909,2,4,2,18:21:55,true,60fed4df080dc0c956f7ab42,2,18,21,55
3,2,65909,2,4,2,18:21:55,true,60fed4e3080dc0c956f7ab43,2,18,21,55
4,5,36243,3,3,1,18:22:5,true,60fed4eb080dc0c956f7ab45,2,18,22,5
2,5,36243,3,2,1,18:22:5,true,60fed4ef080dc0c956f7ab46,2,18,22,5
1,5,36243,3,5,1,18:21:56,true,60fed4e7080dc0c956f7ab44,2,18,21,56
2,5,36243,3,1,1,18:22:8,true,60fed4f7080dc0c956f7ab48,2,18,22,8
2,4,76844,2,5,2,18:22:9,false,60fed4fb080dc0c956f7ab49,3,18,22,9
4,5,36243,3,1,1,18:22:11,true,60fed4ff080dc0c956f7ab4a,2,18,22,11
3,4,76844,2,5,2,18:22:12,false,60fed507080dc0c956f7ab4c,3,18,22,12
1,5,82921,2,5,2,18:22:16,false,60fed50b080dc0c956f7ab4d,3,18,22,16
4,4,76844,2,5,2,18:22:12,false,60fed503080dc0c956f7ab4b,3,18,22,12
4,5,46154,2,5,1,18:22:39,false,60fed513080dc0c956f7ab4f,3,18,22,39
4,5,36243,3,2,1,18:22:8,true,60fed4f3080dc0c956f7ab47,2,18,22,8
1,1,79297,1,1,2,18:22:26,false,60fed50f080dc0c956f7ab4e,3,18,22,26
1,5,42207,2,5,2,18:22:46,false,60fed51b080dc0c956f7ab51,3,18,22,46
4,5,42207,2,5,2,18:22:49,false,60fed51f080dc0c956f7ab52,3,18,22,49
4,5,91310,2,5,2,18:22:59,false,60fed527080dc0c956f7ab54,3,18,22,59
3,5,46154,2,5,1,18:22:39,false,60fed517080dc0c956f7ab50,3,18,22,39
4,3,74335,1,3,2,18:23:9,false,60fed52b080dc0c956f7ab55,3,18,23,9
3,5,91310,2,5,2,18:22:59,false,60fed523080dc0c956f7ab53,3,18,22,59
4,5,95565,2,5,2,18:23:19,false,60fed533080dc0c956f7ab57,3,18,23,19
1,2,35606,3,2,1,18:23:26,false,60fed537080dc0c956f7ab58,3,18,23,26
4,1,16881,2,1,1,18:23:40,false,60fed543080dc0c956f7ab5b,3,18,23,40
4,2,35606,3,2,1,18:23:30,false,60fed53b080dc0c956f7ab59,3,18,23,30
1,1,16881,2,1,1,18:23:37,false,60fed53f080dc0c956f7ab5a,3,18,23,37
3,1,16881,2,1,1,18:23:40,false,60fed547080dc0c956f7ab5c,3,18,23,40
3,3,74335,1,3,2,18:23:9,false,60fed52f080dc0c956f7ab56,3,18,23,9
1,2,14154,1,2,2,18:23:47,false,60fed54b080dc0c956f7ab5d,4,18,23,47
2,2,14154,1,3,2,18:23:50,false,60fed54f080dc0c956f7ab5e,4,18,23,50
3,2,23951,1,2,2,18:24:0,false,60fed557080dc0c956f7ab60,4,18,24,0
1,4,40919,3,4,1,18:24:7,false,60fed55b080dc0c956f7ab61,4,18,24,7
4,2,14154,1,3,2,18:23:53,false,60fed553080dc0c956f7ab5f,4,18,23,53
2,4,40919,3,3,1,18:24:10,false,60fed563080dc0c956f7ab63,4,18,24,10
4,4,40919,3,3,1,18:24:13,false,60fed567080dc0c956f7ab64,4,18,24,13
4,4,40919,3,4,1,18:24:10,false,60fed55f080dc0c956f7ab62,4,18,24,10
4,4,40919,3,2,1,18:24:16,false,60fed56b080dc0c956f7ab65,4,18,24,16
4,1,91418,2,1,1,18:24:20,false,60fed577080dc0c956f7ab68,4,18,24,20
1,1,91418,2,1,1,18:24:17,false,60fed56f080dc0c956f7ab66,4,18,24,17
2,5,11032,2,4,1,18:24:30,false,60fed57b080dc0c956f7ab69,4,18,24,30
4,4,40919,3,1,1,18:24:19,false,60fed573080dc0c956f7ab67,4,18,24,19
4,5,11032,2,4,1,18:24:33,false,60fed57f080dc0c956f7ab6a,4,18,24,33
4,1,32709,3,1,2,18:24:40,false,60fed583080dc0c956f7ab6b,4,18,24,40
4,1,32709,3,2,2,18:24:43,false,60fed587080dc0c956f7ab6c,4,18,24,43
2,1,32709,3,3,2,18:24:43,false,60fed58b080dc0c956f7ab6d,4,18,24,43
4,1,32709,3,3,2,18:24:46,false,60fed58f080dc0c956f7ab6e,4,18,24,46
1,4,25846,1,4,1,18:24:47,false,60fed593080dc0c956f7ab6f,4,18,24,47
2,1,32709,3,5,2,18:24:49,false,60fed597080dc0c956f7ab70,4,18,24,49
3,1,32709,3,5,2,18:24:52,false,60fed59b080dc0c956f7ab71,4,18,24,52
1,1,79203,3,1,2,18:24:57,false,60fed59f080dc0c956f7ab72,4,18,24,57
4,1,79203,3,1,2,18:25:0,false,60fed5a3080dc0c956f7ab73,4,18,25,0
3,5,1209,1,5,1,18:25:10,false,60fed5af080dc0c956f7ab76,4,18,25,10
1,1,90364,3,1,1,18:25:17,false,60fed5b3080dc0c956f7ab77,4,18,25,17
4,5,1209,1,5,1,18:25:10,false,60fed5ab080dc0c956f7ab75,4,18,25,10
3,1,90364,3,1,1,18:25:20,false,60fed5b7080dc0c956f7ab78,4,18,25,20
1,2,67750,1,2,1,18:25:27,false,60fed5bb080dc0c956f7ab79,5,18,25,27
1,5,1209,1,5,1,18:25:7,false,60fed5a7080dc0c956f7ab74,4,18,25,7
4,2,67750,1,2,1,18:25:30,false,60fed5bf080dc0c956f7ab7a,5,18,25,30
3,2,82615,1,1,1,18:25:43,false,60fed5c7080dc0c956f7ab7c,5,18,25,43
2,3,56561,3,4,2,18:25:50,false,60fed5cf080dc0c956f7ab7e,5,18,25,50
4,3,92527,1,3,1,18:26:0,false,60fed5d3080dc0c956f7ab7f,5,18,26,0
4,3,56561,3,3,2,18:25:50,false,60fed5cb080dc0c956f7ab7d,5,18,25,50
3,3,92527,1,3,1,18:26:0,false,60fed5d7080dc0c956f7ab80,5,18,26,0
4,2,52060,3,1,1,18:26:13,false,60fed5db080dc0c956f7ab81,5,18,26,13
1,3,40321,2,3,2,18:26:17,false,60fed5e3080dc0c956f7ab83,5,18,26,17
4,3,40321,2,3,2,18:26:20,false,60fed5e7080dc0c956f7ab84,5,18,26,20
3,2,52060,3,1,1,18:26:13,false,60fed5df080dc0c956f7ab82,5,18,26,13
4,2,82615,1,2,1,18:25:40,false,60fed5c3080dc0c956f7ab7b,5,18,25,40
4,3,9857,3,2,1,18:26:33,false,60fed5eb080dc0c956f7ab85,5,18,26,33
2,3,9857,3,1,1,18:26:33,false,60fed5ef080dc0c956f7ab86,5,18,26,33
4,3,9857,3,1,1,18:26:36,false,60fed5f3080dc0c956f7ab87,5,18,26,36
3,3,9857,3,1,1,18:26:36,false,60fed5f7080dc0c956f7ab88,5,18,26,36
4,2,48553,3,2,1,18:26:40,false,60fed5fb080dc0c956f7ab89,5,18,26,40
2,1,46068,3,2,2,18:26:50,false,60fed607080dc0c956f7ab8c,5,18,26,50
4,1,46068,3,2,2,18:26:53,false,60fed60b080dc0c956f7ab8d,5,18,26,53
3,2,48553,3,1,1,18:26:43,false,60fed603080dc0c956f7ab8b,5,18,26,43
4,1,46068,3,3,2,18:26:56,false,60fed60f080dc0c956f7ab8e,5,18,26,56
4,2,48553,3,1,1,18:26:43,false,60fed5ff080dc0c956f7ab8a,5,18,26,43
2,1,46068,3,4,2,18:26:56,false,60fed613080dc0c956f7ab8f,5,18,26,56
2,1,46068,3,5,2,18:26:59,false,60fed61b080dc0c956f7ab91,5,18,26,59
1,2,46092,3,2,1,18:26:57,false,60fed617080dc0c956f7ab90,5,18,26,57
4,1,46068,3,4,2,18:26:59,false,60fed620080dc0c956f7ab92,5,18,26,59
4,2,46092,3,2,1,18:27:0,false,60fed624080dc0c956f7ab93,5,18,27,0
3,2,46092,3,2,1,18:27:0,false,60fed628080dc0c956f7ab94,5,18,27,0
3,1,46068,3,5,2,18:27:2,false,60fed630080dc0c956f7ab96,5,18,27,2
4,1,46068,3,5,2,18:27:2,false,60fed62c080dc0c956f7ab95,5,18,27,2
4,3,42225,3,3,1,18:27:10,false,60fed638080dc0c956f7ab98,6,18,27,10
1,3,42225,3,3,1,18:27:7,false,60fed634080dc0c956f7ab97,6,18,27,7
4,4,62189,3,4,2,18:27:20,false,60fed63c080dc0c956f7ab99,6,18,27,20
1,5,7374,1,5,2,18:27:27,false,60fed648080dc0c956f7ab9c,6,18,27,27
2,4,62189,3,5,2,18:27:20,false,60fed640080dc0c956f7ab9a,6,18,27,20
4,1,67951,2,1,2,18:27:40,false,60fed64c080dc0c956f7ab9d,6,18,27,40
4,4,62189,3,5,2,18:27:23,false,60fed644080dc0c956f7ab9b,6,18,27,23
4,1,67951,2,2,2,18:27:43,false,60fed650080dc0c956f7ab9e,6,18,27,43
1,2,41353,2,2,2,18:27:47,false,60fed658080dc0c956f7aba0,6,18,27,47
4,2,41353,2,2,2,18:27:50,false,60fed660080dc0c956f7aba2,6,18,27,50
1,2,80092,1,2,1,18:27:57,false,60fed664080dc0c956f7aba3,6,18,27,57
3,1,67951,2,2,2,18:27:43,false,60fed654080dc0c956f7ab9f,6,18,27,43
3,2,41353,2,2,2,18:27:50,false,60fed65c080dc0c956f7aba1,6,18,27,50
1,2,29374,2,2,2,18:28:7,false,60fed670080dc0c956f7aba6,6,18,28,7
4,2,80092,1,2,1,18:28:0,false,60fed668080dc0c956f7aba4,6,18,28,0
4,2,80092,1,1,1,18:28:3,false,60fed66c080dc0c956f7aba5,6,18,28,3
2,2,29374,2,3,2,18:28:10,false,60fed674080dc0c956f7aba7,6,18,28,10
4,2,29374,2,3,2,18:28:13,false,60fed678080dc0c956f7aba8,6,18,28,13
2,2,29374,2,5,2,18:28:16,false,60fed680080dc0c956f7abaa,6,18,28,16
1,4,1164,1,4,1,18:28:17,false,60fed684080dc0c956f7abab,6,18,28,17
4,2,29374,2,4,2,18:28:16,false,60fed67c080dc0c956f7aba9,6,18,28,16
3,2,29374,2,5,2,18:28:19,false,60fed688080dc0c956f7abac,6,18,28,19
4,4,1164,1,4,1,18:28:20,false,60fed68c080dc0c956f7abad,6,18,28,20
3,4,1164,1,4,1,18:28:20,false,60fed690080dc0c956f7abae,6,18,28,20
4,3,68907,1,3,1,18:28:30,false,60fed698080dc0c956f7abb0,6,18,28,30
3,3,68907,1,3,1,18:28:30,false,60fed69c080dc0c956f7abb1,6,18,28,30
1,3,68907,1,3,1,18:28:27,false,60fed694080dc0c956f7abaf,6,18,28,27
4,4,70640,2,4,1,18:28:40,false,60fed6a4080dc0c956f7abb3,6,18,28,40
1,5,67953,2,5,1,18:28:47,false,60fed6ac080dc0c956f7abb5,7,18,28,47
1,4,70640,2,4,1,18:28:37,false,60fed6a0080dc0c956f7abb2,6,18,28,37
3,4,70640,2,4,1,18:28:40,false,60fed6a8080dc0c956f7abb4,6,18,28,40
4,5,67953,2,5,1,18:28:50,false,60fed6b0080dc0c956f7abb6,7,18,28,50
4,3,23237,2,3,2,18:29:0,false,60fed6b8080dc0c956f7abb8,7,18,29,0
2,5,67953,2,3,1,18:28:53,false,60fed6b4080dc0c956f7abb7,7,18,28,53
2,1,17393,2,2,2,18:29:10,false,60fed6c8080dc0c956f7abbc,7,18,29,10
4,3,23237,2,5,2,18:29:6,false,60fed6c0080dc0c956f7abba,7,18,29,6
4,3,23237,2,4,2,18:29:3,false,60fed6bc080dc0c956f7abb9,7,18,29,3
2,1,17393,2,4,2,18:29:16,false,60fed6d0080dc0c956f7abbe,7,18,29,16
3,3,23237,2,5,2,18:29:6,false,60fed6c4080dc0c956f7abbb,7,18,29,6
2,1,17393,2,3,2,18:29:13,false,60fed6cc080dc0c956f7abbd,7,18,29,13
3,1,17393,2,4,2,18:29:19,false,60fed6d8080dc0c956f7abc0,7,18,29,19
4,1,17393,2,4,2,18:29:19,false,60fed6d4080dc0c956f7abbf,7,18,29,19
2,4,47404,3,5,2,18:29:20,false,60fed6dc080dc0c956f7abc1,7,18,29,20
4,4,47404,3,5,2,18:29:23,false,60fed6e0080dc0c956f7abc2,7,18,29,23
1,3,58975,3,3,2,18:29:27,false,60fed6e4080dc0c956f7abc3,7,18,29,27
2,3,58975,3,4,2,18:29:30,false,60fed6e8080dc0c956f7abc4,7,18,29,30
4,3,58975,3,4,2,18:29:33,false,60fed6ec080dc0c956f7abc5,7,18,29,33
2,3,58975,3,5,2,18:29:33,false,60fed6f0080dc0c956f7abc6,7,18,29,33
4,5,72551,2,5,1,18:29:50,false,60fed6f8080dc0c956f7abc8,7,18,29,50
4,5,72551,2,4,1,18:29:53,false,60fed6fc080dc0c956f7abc9,7,18,29,53
2,5,72551,2,2,1,18:29:56,false,60fed700080dc0c956f7abca,7,18,29,56
4,5,60208,3,5,2,18:29:40,false,60fed6f4080dc0c956f7abc7,7,18,29,40
4,5,16090,3,5,1,18:30:0,false,60fed708080dc0c956f7abcc,7,18,30,0
4,5,16090,3,4,1,18:30:3,false,60fed710080dc0c956f7abce,7,18,30,3
2,5,16090,3,3,1,18:30:3,false,60fed714080dc0c956f7abcf,7,18,30,3
2,5,16090,3,4,1,18:30:0,false,60fed70c080dc0c956f7abcd,7,18,30,0
4,5,16090,3,3,1,18:30:6,false,60fed718080dc0c956f7abd0,7,18,30,6
1,5,16090,3,5,1,18:29:57,false,60fed704080dc0c956f7abcb,7,18,29,57
3,1,71000,2,1,1,18:30:10,false,60fed724080dc0c956f7abd3,7,18,30,10
1,1,71000,2,1,1,18:30:7,false,60fed71c080dc0c956f7abd1,7,18,30,7
4,5,16090,3,2,1,18:30:9,false,60fed720080dc0c956f7abd2,7,18,30,9
3,5,16090,3,1,1,18:30:12,false,60fed72c080dc0c956f7abd5,7,18,30,12
4,5,16090,3,1,1,18:30:12,false,60fed728080dc0c956f7abd4,7,18,30,12
3,1,73324,3,1,1,18:30:20,false,60fed730080dc0c956f7abd6,7,18,30,20
4,3,5962,3,3,1,18:30:30,true,60fed738080dc0c956f7abd8,1,18,30,30
1,3,5962,3,3,1,18:30:27,true,60fed734080dc0c956f7abd7,1,18,30,27
2,3,5962,3,1,1,18:30:33,true,60fed73c080dc0c956f7abd9,1,18,30,33
4,3,5962,3,1,1,18:30:36,true,60fed740080dc0c956f7abda,1,18,30,36
3,3,5962,3,1,1,18:30:36,true,60fed744080dc0c956f7abdb,1,18,30,36
1,3,27764,2,3,2,18:30:37,true,60fed748080dc0c956f7abdc,1,18,30,37
4,3,27764,2,4,2,18:30:43,true,60fed750080dc0c956f7abde,1,18,30,43
4,3,27764,2,3,2,18:30:40,true,60fed74c080dc0c956f7abdd,1,18,30,40
4,3,27764,2,5,2,18:30:46,true,60fed754080dc0c956f7abdf,1,18,30,46
3,3,27764,2,5,2,18:30:46,true,60fed758080dc0c956f7abe0,1,18,30,46
4,3,75856,1,3,2,18:31:10,true,60fed76c080dc0c956f7abe5,1,18,31,10
4,1,56591,1,1,1,18:31:0,true,60fed760080dc0c956f7abe2,1,18,31,0
1,5,13478,1,5,1,18:30:47,true,60fed75c080dc0c956f7abe1,1,18,30,47
3,1,56591,1,1,1,18:31:0,true,60fed764080dc0c956f7abe3,1,18,31,0
1,3,75856,1,3,2,18:31:7,true,60fed768080dc0c956f7abe4,1,18,31,7
3,3,75856,1,3,2,18:31:10,true,60fed770080dc0c956f7abe6,1,18,31,10
1,5,25407,2,5,2,18:31:17,true,60fed774080dc0c956f7abe7,1,18,31,17
1,1,49741,3,1,2,18:31:27,true,60fed77c080dc0c956f7abe9,1,18,31,27
4,5,25407,2,5,2,18:31:20,true,60fed778080dc0c956f7abe8,1,18,31,20
2,1,49741,3,3,2,18:31:33,true,60fed780080dc0c956f7abea,1,18,31,33
4,1,49741,3,3,2,18:31:36,true,60fed784080dc0c956f7abeb,1,18,31,36
3,1,49741,3,3,2,18:31:36,true,60fed788080dc0c956f7abec,1,18,31,36
4,5,91864,2,5,1,18:31:40,true,60fed790080dc0c956f7abee,1,18,31,40
2,5,91864,2,4,1,18:31:40,true,60fed794080dc0c956f7abef,1,18,31,40
3,5,91864,2,4,1,18:31:43,true,60fed798080dc0c956f7abf0,1,18,31,43
1,5,91864,2,5,1,18:31:37,true,60fed78c080dc0c956f7abed,1,18,31,37
1,5,64100,1,5,1,18:31:47,true,60fed79c080dc0c956f7abf1,1,18,31,47
4,5,64100,1,5,1,18:31:50,true,60fed7a0080dc0c956f7abf2,1,18,31,50
3,5,64100,1,5,1,18:31:50,true,60fed7a4080dc0c956f7abf3,1,18,31,50
2,5,70952,3,4,1,18:32:0,true,60fed7ac080dc0c956f7abf5,1,18,32,0
4,5,70952,3,5,1,18:32:0,true,60fed7a8080dc0c956f7abf4,1,18,32,0
2,5,70952,3,3,1,18:32:3,true,60fed7b4080dc0c956f7abf7,1,18,32,3
4,5,70952,3,4,1,18:32:3,true,60fed7b0080dc0c956f7abf6,1,18,32,3
4,5,70952,3,3,1,18:32:6,true,60fed7b8080dc0c956f7abf8,1,18,32,6
1,5,93182,1,5,2,18:32:7,false,60fed7bc080dc0c956f7abf9,2,18,32,7
3,5,70952,3,1,1,18:32:12,true,60fed7cc080dc0c956f7abfd,1,18,32,12
4,5,70952,3,2,1,18:32:9,true,60fed7c0080dc0c956f7abfa,1,18,32,9
4,5,70952,3,1,1,18:32:12,true,60fed7c8080dc0c956f7abfc,1,18,32,12
4,5,93182,1,5,2,18:32:10,false,60fed7c4080dc0c956f7abfb,2,18,32,10
1,4,18483,1,4,2,18:32:17,false,60fed7d0080dc0c956f7abfe,2,18,32,17
4,4,18483,1,4,2,18:32:20,false,60fed7d4080dc0c956f7abff,2,18,32,20
4,3,16499,1,3,2,18:32:30,false,60fed7dc080dc0c956f7ac01,2,18,32,30
2,4,18483,1,5,2,18:32:20,false,60fed7d8080dc0c956f7ac00,2,18,32,20
4,4,4345,1,5,2,18:32:43,false,60fed7e4080dc0c956f7ac03,2,18,32,43
4,2,66402,1,2,2,18:32:50,false,60fed7e8080dc0c956f7ac04,2,18,32,50
4,4,4345,1,4,2,18:32:40,false,60fed7e0080dc0c956f7ac02,2,18,32,40
4,4,64999,2,3,1,18:33:3,false,60fed7f4080dc0c956f7ac07,2,18,33,3
4,4,64999,2,4,1,18:33:0,false,60fed7f0080dc0c956f7ac06,2,18,33,0
3,2,66402,1,2,2,18:32:50,false,60fed7ec080dc0c956f7ac05,2,18,32,50
2,4,64999,2,2,1,18:33:3,false,60fed7f8080dc0c956f7ac08,2,18,33,3
2,4,64999,2,1,1,18:33:6,false,60fed7fc080dc0c956f7ac09,2,18,33,6
1,1,70687,2,1,1,18:33:7,false,60fed800080dc0c956f7ac0a,2,18,33,7
4,1,88033,3,1,2,18:33:20,false,60fed80c080dc0c956f7ac0d,2,18,33,20
4,1,70687,2,1,1,18:33:10,false,60fed808080dc0c956f7ac0c,2,18,33,10
3,1,10540,3,1,1,18:33:30,false,60fed814080dc0c956f7ac0f,2,18,33,30
1,1,75202,1,1,1,18:33:37,false,60fed818080dc0c956f7ac10,2,18,33,37
4,1,75202,1,1,1,18:33:40,false,60fed81c080dc0c956f7ac11,2,18,33,40
3,1,75202,1,1,1,18:33:40,false,60fed820080dc0c956f7ac12,2,18,33,40
4,1,10540,3,1,1,18:33:30,false,60fed810080dc0c956f7ac0e,2,18,33,30
4,4,64999,2,1,1,18:33:9,false,60fed804080dc0c956f7ac0b,2,18,33,9
1,5,81008,2,5,1,17:43:55,false,60fef09601c1907087eb514a,1,17,43,55
4,5,81008,2,5,1,17:43:58,false,60fef09a01c1907087eb514b,1,17,43,58
